GEO.id,GEO.id2,GEO.display-label,rescen42010,resbase42010,respop72010,respop72011,respop72012,respop72013,respop72014,respop72015
1620000US2700172,2700172,"Ada city, Minnesota",1707,1707,1706,1703,1654,1657,1651,1656
1620000US2700190,2700190,"Adams city, Minnesota",787,787,788,788,789,785,783,779
1620000US2700262,2700262,"Adrian city, Minnesota",1209,1209,1208,1216,1222,1224,1220,1220
1620000US2700316,2700316,"Afton city, Minnesota",2886,2879,2886,2889,2910,2928,2953,2966
1620000US2700460,2700460,"Aitkin city, Minnesota",2165,2165,2165,2140,2112,2084,2072,2053
1620000US2700496,2700496,"Akeley city, Minnesota",432,432,432,432,429,436,432,431
1620000US2700622,2700622,"Albany city, Minnesota",2561,2573,2576,2593,2595,2613,2623,2647
1620000US2700676,2700676,"Alberta city, Minnesota",103,103,103,102,102,102,102,102
1620000US2700694,2700694,"Albert Lea city, Minnesota",18016,18053,18026,17959,17932,17881,17786,17674
1620000US2700730,2700730,"Albertville city, Minnesota",7044,7044,7064,7120,7176,7219,7288,7345
1620000US2700838,2700838,"Alden city, Minnesota",661,661,660,658,657,654,649,646
1620000US2700892,2700892,"Aldrich city, Minnesota",48,48,48,47,47,47,47,47
1620000US2700928,2700928,"Alexandria city, Minnesota",11070,11070,11065,11487,11553,11571,11683,11843
1620000US2701162,2701162,"Alpha city, Minnesota",116,128,128,127,128,128,128,125
1620000US2701234,2701234,"Altura city, Minnesota",493,493,493,490,493,494,492,489
1620000US2701252,2701252,"Alvarado city, Minnesota",363,363,363,365,363,361,358,356
1620000US2701324,2701324,"Amboy city, Minnesota",534,534,534,532,535,529,527,522
1620000US2701486,2701486,"Andover city, Minnesota",30598,30598,30663,30833,31161,31645,31986,32213
1620000US2701684,2701684,"Annandale city, Minnesota",3228,3228,3241,3278,3297,3297,3298,3304
1620000US2701720,2701720,"Anoka city, Minnesota",17142,17142,17158,17153,17228,17239,17276,17350
1620000US2701864,2701864,"Appleton city, Minnesota",1412,1412,1407,1396,1382,1371,1357,1341
1620000US2701900,2701900,"Apple Valley city, Minnesota",49084,49084,49139,49783,49953,50194,50445,51221
1620000US2701972,2701972,"Arco city, Minnesota",75,75,75,74,74,74,74,73
1620000US2702026,2702026,"Arden Hills city, Minnesota",9552,9552,9563,9624,9765,9726,9892,9951
1620000US2702134,2702134,"Argyle city, Minnesota",639,639,638,643,641,640,638,642
1620000US2702152,2702152,"Arlington city, Minnesota",2233,2233,2232,2223,2211,2199,2176,2169
1620000US2702422,2702422,"Ashby city, Minnesota",446,446,445,443,438,440,437,431
1620000US2702548,2702548,"Askov city, Minnesota",364,364,363,362,358,355,354,351
1620000US2702692,2702692,"Atwater city, Minnesota",1133,1133,1132,1128,1134,1132,1127,1124
1620000US2702728,2702728,"Audubon city, Minnesota",519,519,519,519,517,516,512,510
1620000US2702872,2702872,"Aurora city, Minnesota",1682,1682,1681,1677,1674,1674,1672,1666
1620000US2702908,2702908,"Austin city, Minnesota",24718,24720,24733,24775,24766,24685,24651,24563
1620000US2703052,2703052,"Avoca city, Minnesota",147,147,146,145,144,143,141,140
1620000US2703070,2703070,"Avon city, Minnesota",1396,1396,1395,1402,1409,1416,1438,1466
1620000US2703106,2703106,"Babbitt city, Minnesota",1475,1475,1474,1472,1469,1531,1528,1519
1620000US2703124,2703124,"Backus city, Minnesota",250,250,251,247,246,246,245,246
1620000US2703160,2703160,"Badger city, Minnesota",375,375,374,372,371,370,374,372
1620000US2703196,2703196,"Bagley city, Minnesota",1392,1382,1383,1383,1376,1391,1393,1394
1620000US2703250,2703250,"Balaton city, Minnesota",643,643,643,642,636,629,628,624
1620000US2703574,2703574,"Barnesville city, Minnesota",2563,2557,2559,2573,2566,2580,2568,2577
1620000US2703628,2703628,"Barnum city, Minnesota",613,613,613,611,605,602,600,598
1620000US2703682,2703682,"Barrett city, Minnesota",415,415,414,412,408,409,406,401
1620000US2703718,2703718,"Barry city, Minnesota",16,16,16,16,16,16,15,15
1620000US2703970,2703970,"Battle Lake city, Minnesota",875,875,874,875,876,878,879,880
1620000US2704024,2704024,"Baudette city, Minnesota",1106,1106,1103,1094,1078,1066,1059,1063
1620000US2704042,2704042,"Baxter city, Minnesota",7610,7610,7645,7646,7694,7753,7819,7934
1620000US2704114,2704114,"Bayport city, Minnesota",3471,3471,3477,3556,3599,3641,3699,3714
1620000US2704204,2704204,"Beardsley city, Minnesota",233,233,232,231,228,226,225,222
1620000US2704456,2704456,"Beaver Bay city, Minnesota",181,181,181,180,180,178,176,174
1620000US2704492,2704492,"Beaver Creek city, Minnesota",297,297,296,297,295,293,293,296
1620000US2704618,2704618,"Becker city, Minnesota",4538,4538,4554,4586,4608,4652,4692,4700
1620000US2704672,2704672,"Bejou city, Minnesota",89,89,89,91,91,91,92,90
1620000US2704762,2704762,"Belgrade city, Minnesota",740,740,739,747,749,753,753,755
1620000US2704798,2704798,"Bellechester city, Minnesota",175,175,175,175,175,175,175,175
1620000US2704834,2704834,"Belle Plaine city, Minnesota",6661,6659,6674,6732,6809,6854,6893,6918
1620000US2704960,2704960,"Bellingham city, Minnesota",168,168,167,168,165,162,160,159
1620000US2705014,2705014,"Beltrami city, Minnesota",107,107,107,107,106,107,106,106
1620000US2705050,2705050,"Belview city, Minnesota",384,384,383,382,376,371,364,363
1620000US2705068,2705068,"Bemidji city, Minnesota",13431,14076,14124,14259,14307,14382,14470,14594
1620000US2705104,2705104,"Bena city, Minnesota",116,119,119,118,118,118,117,118
1620000US2705212,2705212,"Benson city, Minnesota",3240,3240,3229,3203,3170,3145,3111,3075
1620000US2705482,2705482,"Bertha city, Minnesota",497,497,497,494,486,480,475,471
1620000US2705554,2705554,"Bethel city, Minnesota",466,466,467,466,468,469,470,472
1620000US2705644,2705644,"Bigelow city, Minnesota",235,235,235,236,238,239,238,238
1620000US2705680,2705680,"Big Falls city, Minnesota",236,236,236,234,232,230,226,224
1620000US2705698,2705698,"Bigfork city, Minnesota",446,446,445,445,444,444,446,445
1620000US2705752,2705752,"Big Lake city, Minnesota",10060,10060,10105,10192,10252,10314,10370,10368
1620000US2705896,2705896,"Bingham Lake city, Minnesota",126,126,126,127,126,125,127,126
1620000US2706058,2706058,"Birchwood Village city, Minnesota",870,873,875,874,878,878,878,878
1620000US2706076,2706076,"Bird Island city, Minnesota",1042,1042,1039,1029,1023,1010,1002,994
1620000US2706112,2706112,"Biscay city, Minnesota",113,113,113,112,111,111,111,111
1620000US2706148,2706148,"Biwabik city, Minnesota",969,969,970,984,990,995,994,992
1620000US2706256,2706256,"Blackduck city, Minnesota",785,784,786,792,791,792,787,779
1620000US2706382,2706382,"Blaine city, Minnesota",57186,57177,57398,58122,59332,60347,61170,62124
1620000US2706490,2706490,"Blomkest city, Minnesota",157,157,157,157,159,162,161,161
1620000US2706580,2706580,"Blooming Prairie city, Minnesota",1996,1996,1992,1990,1968,1967,1978,1993
1620000US2706616,2706616,"Bloomington city, Minnesota",82893,82893,83041,83923,86046,86364,86317,86435
1620000US2706688,2706688,"Blue Earth city, Minnesota",3353,3353,3337,3346,3282,3267,3261,3236
1620000US2706778,2706778,"Bluffton city, Minnesota",207,207,207,207,207,210,210,210
1620000US2706814,2706814,"Bock city, Minnesota",106,106,106,105,105,105,105,105
1620000US2707030,2707030,"Borup city, Minnesota",110,110,110,110,107,107,107,107
1620000US2707048,2707048,"Bovey city, Minnesota",804,804,803,803,802,818,816,811
1620000US2707066,2707066,"Bowlus city, Minnesota",290,290,290,290,288,286,285,283
1620000US2707138,2707138,"Boyd city, Minnesota",175,175,174,174,172,169,167,166
1620000US2707174,2707174,"Boy River city, Minnesota",47,47,47,47,46,46,46,46
1620000US2707282,2707282,"Braham city, Minnesota",1793,1793,1793,1805,1800,1791,1789,1770
1620000US2707300,2707300,"Brainerd city, Minnesota",13590,13586,13592,13537,13516,13468,13419,13371
1620000US2707336,2707336,"Brandon city, Minnesota",489,483,482,480,479,478,478,476
1620000US2707462,2707462,"Breckenridge city, Minnesota",3386,3390,3391,3394,3407,3366,3340,3290
1620000US2707516,2707516,"Breezy Point city, Minnesota",2346,2313,2318,2336,2340,2342,2345,2350
1620000US2707660,2707660,"Brewster city, Minnesota",473,473,472,474,474,473,472,472
1620000US2707678,2707678,"Bricelyn city, Minnesota",365,365,364,363,355,351,350,346
1620000US2707948,2707948,"Brooklyn Center city, Minnesota",30104,30130,30161,30428,30672,30759,30731,30770
1620000US2707966,2707966,"Brooklyn Park city, Minnesota",75781,75784,75974,76895,77755,78409,78729,79149
1620000US2707984,2707984,"Brook Park city, Minnesota",139,139,139,138,137,136,137,136
1620000US2708038,2708038,"Brooks city, Minnesota",141,141,141,142,141,140,139,141
1620000US2708056,2708056,"Brookston city, Minnesota",141,139,139,139,139,139,139,139
1620000US2708092,2708092,"Brooten city, Minnesota",743,743,742,742,742,741,740,745
1620000US2708110,2708110,"Browerville city, Minnesota",790,790,789,786,775,768,761,757
1620000US2708164,2708164,"Brownsdale city, Minnesota",676,690,691,691,692,688,688,684
1620000US2708200,2708200,"Browns Valley city, Minnesota",589,589,586,580,566,562,557,557
1620000US2708218,2708218,"Brownsville city, Minnesota",466,466,465,462,460,459,459,465
1620000US2708254,2708254,"Brownton city, Minnesota",762,762,760,755,745,743,740,738
1620000US2708290,2708290,"Bruno city, Minnesota",102,102,102,102,100,100,100,100
1620000US2708416,2708416,"Buckman city, Minnesota",270,270,270,270,268,266,273,271
1620000US2708452,2708452,"Buffalo city, Minnesota",15453,15459,15497,15648,15732,15821,15926,16026
1620000US2708488,2708488,"Buffalo Lake city, Minnesota",733,733,731,720,714,703,696,690
1620000US2708524,2708524,"Buhl city, Minnesota",1000,1000,999,998,996,998,996,990
1620000US2708794,2708794,"Burnsville city, Minnesota",60306,60307,60412,60644,61105,61435,61580,61481
1620000US2708902,2708902,"Burtrum city, Minnesota",144,144,144,144,142,141,140,140
1620000US2708992,2708992,"Butterfield city, Minnesota",586,586,585,583,578,586,596,594
1620000US2709154,2709154,"Byron city, Minnesota",4914,4914,4921,4958,4995,5054,5188,5328
1620000US2709226,2709226,"Caledonia city, Minnesota",2868,2868,2864,2839,2816,2810,2793,2787
1620000US2709280,2709280,"Callaway city, Minnesota",234,234,234,235,235,236,235,235
1620000US2709316,2709316,"Calumet city, Minnesota",367,367,366,365,366,365,363,359
1620000US2709370,2709370,"Cambridge city, Minnesota",8111,8114,8139,8207,8221,8222,8319,8451
1620000US2709496,2709496,"Campbell city, Minnesota",158,158,158,159,159,157,156,154
1620000US2709604,2709604,"Canby city, Minnesota",1795,1795,1793,1767,1748,1741,1729,1709
1620000US2709730,2709730,"Cannon Falls city, Minnesota",4083,4083,4085,4084,4085,4076,4066,4062
1620000US2709802,2709802,"Canton city, Minnesota",346,346,345,347,349,346,347,345
1620000US2709964,2709964,"Carlos city, Minnesota",502,502,504,497,496,494,492,490
1620000US2710018,2710018,"Carlton city, Minnesota",862,1021,1021,1019,1011,1011,1048,1048
1620000US2710144,2710144,"Carver city, Minnesota",3724,3726,3768,3910,4041,4147,4259,4311
1620000US2710252,2710252,"Cass Lake city, Minnesota",770,764,766,754,751,749,748,747
1620000US2710468,2710468,"Cedar Mills city, Minnesota",45,45,45,45,45,44,45,44
1620000US2710576,2710576,"Center City city, Minnesota",628,632,632,630,627,631,628,628
1620000US2710648,2710648,"Centerville city, Minnesota",3792,3792,3797,3800,3833,3868,3905,3930
1620000US2710792,2710792,"Ceylon city, Minnesota",369,369,368,366,363,363,359,356
1620000US2710846,2710846,"Champlin city, Minnesota",23089,23091,23141,23480,23696,23809,23830,23894
1620000US2710900,2710900,"Chandler city, Minnesota",270,270,269,267,265,263,259,257
1620000US2710918,2710918,"Chanhassen city, Minnesota",22952,22998,23085,23513,23912,24487,24981,25332
1620000US2710972,2710972,"Chaska city, Minnesota",23770,23770,23826,23984,24097,24472,24854,25199
1620000US2711008,2711008,"Chatfield city, Minnesota",2779,2779,2778,2783,2780,2783,2789,2799
1620000US2711296,2711296,"Chickamaw Beach city, Minnesota",114,114,114,113,113,113,112,113
1620000US2711350,2711350,"Chisago City city, Minnesota",4967,4939,4944,4935,4914,4943,4929,4932
1620000US2711386,2711386,"Chisholm city, Minnesota",4976,4976,4972,4994,5026,5023,5010,4981
1620000US2711440,2711440,"Chokio city, Minnesota",400,400,399,396,391,391,391,389
1620000US2711494,2711494,"Circle Pines city, Minnesota",4918,4918,4922,4913,4938,4942,4948,4958
1620000US2711548,2711548,"Clara City city, Minnesota",1360,1360,1361,1348,1328,1320,1318,1320
1620000US2711566,2711566,"Claremont city, Minnesota",548,548,549,547,546,543,540,536
1620000US2711602,2711602,"Clarissa city, Minnesota",681,681,680,678,669,663,659,655
1620000US2711656,2711656,"Clarkfield city, Minnesota",863,863,862,849,838,833,825,811
1620000US2711674,2711674,"Clarks Grove city, Minnesota",706,706,705,700,697,692,687,681
1620000US2711746,2711746,"Clearbrook city, Minnesota",518,518,519,517,514,519,518,517
1620000US2711764,2711764,"Clear Lake city, Minnesota",545,545,549,561,579,601,626,645
1620000US2711800,2711800,"Clearwater city, Minnesota",1735,1735,1740,1760,1776,1779,1782,1783
1620000US2711836,2711836,"Clements city, Minnesota",153,153,153,153,151,150,150,149
1620000US2711872,2711872,"Cleveland city, Minnesota",719,719,719,719,712,708,706,700
1620000US2711962,2711962,"Climax city, Minnesota",267,267,267,266,266,266,265,265
1620000US2711980,2711980,"Clinton city, Minnesota",449,449,448,443,437,431,428,419
1620000US2712088,2712088,"Clitherall city, Minnesota",112,112,112,112,112,112,114,114
1620000US2712124,2712124,"Clontarf city, Minnesota",164,164,163,163,161,160,159,157
1620000US2712160,2712160,"Cloquet city, Minnesota",12124,12124,12132,12112,12025,12002,12065,12075
1620000US2712376,2712376,"Coates city, Minnesota",161,161,161,162,162,163,163,163
1620000US2712394,2712394,"Cobden city, Minnesota",36,36,36,36,35,35,35,35
1620000US2712412,2712412,"Cohasset city, Minnesota",2698,2698,2696,2709,2735,2752,2749,2745
1620000US2712430,2712430,"Cokato city, Minnesota",2694,2694,2699,2716,2727,2727,2728,2727
1620000US2712484,2712484,"Cold Spring city, Minnesota",4025,4025,4020,4023,4027,4034,4052,4094
1620000US2712502,2712502,"Coleraine city, Minnesota",1970,1970,1970,1979,1988,2000,2000,1999
1620000US2712664,2712664,"Cologne city, Minnesota",1519,1519,1521,1543,1542,1546,1547,1605
1620000US2712700,2712700,"Columbia Heights city, Minnesota",19496,19496,19520,19549,19645,19644,19670,19715
1620000US2712718,2712718,"Columbus city, Minnesota",3914,3914,3921,3922,3944,3962,3979,4007
1620000US2712772,2712772,"Comfrey city, Minnesota",382,384,386,383,380,377,374,372
1620000US2712862,2712862,"Comstock city, Minnesota",93,93,93,94,93,94,93,93
1620000US2712952,2712952,"Conger city, Minnesota",146,146,146,145,145,145,144,143
1620000US2713006,2713006,"Cook city, Minnesota",574,575,575,573,571,571,569,567
1620000US2713114,2713114,"Coon Rapids city, Minnesota",61476,61476,61544,61498,61857,61989,62095,62240
1620000US2713168,2713168,"Corcoran city, Minnesota",5379,5381,5386,5455,5502,5526,5527,5552
1620000US2713384,2713384,"Correll city, Minnesota",34,34,34,34,33,33,33,32
1620000US2713420,2713420,"Cosmos city, Minnesota",473,473,474,470,465,463,461,458
1620000US2713456,2713456,"Cottage Grove city, Minnesota",34589,34591,34711,34925,35198,35420,35643,35918
1620000US2713564,2713564,"Cottonwood city, Minnesota",1212,1221,1221,1223,1219,1208,1213,1212
1620000US2713582,2713582,"Courtland city, Minnesota",611,611,616,622,624,632,635,653
1620000US2713780,2713780,"Cromwell city, Minnesota",234,234,234,233,230,230,230,230
1620000US2713870,2713870,"Crookston city, Minnesota",7891,7891,7898,7873,7855,7919,7784,7787
1620000US2713924,2713924,"Crosby city, Minnesota",2386,2386,2388,2381,2376,2368,2357,2345
1620000US2713978,2713978,"Crosslake city, Minnesota",2141,2146,2150,2157,2168,2188,2194,2210
1620000US2714158,2714158,"Crystal city, Minnesota",22151,22142,22167,22359,22519,22594,22606,22943
1620000US2714320,2714320,"Currie city, Minnesota",233,233,232,230,230,229,227,227
1620000US2714428,2714428,"Cuyuna city, Minnesota",332,332,332,330,334,338,341,346
1620000US2714446,2714446,"Cyrus city, Minnesota",288,288,287,284,284,282,283,283
1620000US2714518,2714518,"Dakota city, Minnesota",323,323,323,321,320,320,319,317
1620000US2714626,2714626,"Dalton city, Minnesota",253,253,253,253,253,254,253,253
1620000US2714716,2714716,"Danube city, Minnesota",505,505,504,495,490,481,475,470
1620000US2714734,2714734,"Danvers city, Minnesota",97,97,97,96,95,95,94,93
1620000US2714770,2714770,"Darfur city, Minnesota",108,108,108,108,107,107,106,106
1620000US2714842,2714842,"Darwin city, Minnesota",350,350,350,347,344,346,351,352
1620000US2714878,2714878,"Dassel city, Minnesota",1469,1469,1470,1461,1449,1446,1444,1437
1620000US2714968,2714968,"Dawson city, Minnesota",1540,1540,1536,1533,1507,1480,1454,1444
1620000US2715022,2715022,"Dayton city, Minnesota",4671,4664,4674,4766,4826,4883,4977,5096
1620000US2715148,2715148,"Deephaven city, Minnesota",3642,3658,3663,3703,3740,3772,3808,3843
1620000US2715184,2715184,"Deer Creek city, Minnesota",322,322,322,322,322,323,322,323
1620000US2715310,2715310,"Deer River city, Minnesota",930,930,929,927,929,934,938,933
1620000US2715346,2715346,"Deerwood city, Minnesota",532,525,525,523,523,523,521,520
1620000US2715418,2715418,"De Graff city, Minnesota",115,115,115,114,130,129,128,127
1620000US2715454,2715454,"Delano city, Minnesota",5464,5465,5480,5526,5566,5645,5772,5875
1620000US2715472,2715472,"Delavan city, Minnesota",179,179,178,179,176,175,175,174
1620000US2715544,2715544,"Delhi city, Minnesota",70,70,70,70,69,69,68,68
1620000US2715616,2715616,"Dellwood city, Minnesota",1063,1071,1073,1073,1077,1078,1084,1094
1620000US2715670,2715670,"Denham city, Minnesota",35,35,35,35,34,34,34,34
1620000US2715706,2715706,"Dennison city, Minnesota",212,212,212,213,213,213,213,213
1620000US2715724,2715724,"Dent city, Minnesota",192,192,192,192,192,192,192,192
1620000US2715832,2715832,"Detroit Lakes city, Minnesota",8569,8627,8646,8766,8875,8939,8958,9002
1620000US2715886,2715886,"Dexter city, Minnesota",341,341,341,342,343,342,342,341
1620000US2715976,2715976,"Dilworth city, Minnesota",4024,4024,4031,4075,4093,4139,4187,4366
1620000US2715994,2715994,"Dodge Center city, Minnesota",2670,2671,2681,2671,2679,2685,2690,2690
1620000US2716030,2716030,"Donaldson city, Minnesota",42,42,42,42,42,41,41,41
1620000US2716084,2716084,"Donnelly city, Minnesota",241,241,241,239,238,238,242,241
1620000US2716156,2716156,"Doran city, Minnesota",55,55,55,55,55,55,54,53
1620000US2716264,2716264,"Dover city, Minnesota",735,735,735,737,740,750,748,745
1620000US2716300,2716300,"Dovray city, Minnesota",57,57,57,56,56,56,55,54
1620000US2717000,2717000,"Duluth city, Minnesota",86265,86266,86209,86243,86212,86146,86206,86110
1620000US2717090,2717090,"Dumont city, Minnesota",100,100,99,99,96,96,95,95
1620000US2717126,2717126,"Dundas city, Minnesota",1367,1345,1359,1396,1400,1412,1444,1481
1620000US2717144,2717144,"Dundee city, Minnesota",68,68,68,70,70,70,70,70
1620000US2717180,2717180,"Dunnell city, Minnesota",167,167,167,165,165,164,163,161
1620000US2717288,2717288,"Eagan city, Minnesota",64206,64205,64266,64518,64831,65434,66029,66286
1620000US2717342,2717342,"Eagle Bend city, Minnesota",535,535,535,532,524,518,513,510
1620000US2717378,2717378,"Eagle Lake city, Minnesota",2422,2422,2425,2478,2531,2537,2693,2841
1620000US2717486,2717486,"East Bethel city, Minnesota",11626,11626,11637,11612,11582,11595,11639,11692
1620000US2717612,2717612,"East Grand Forks city, Minnesota",8601,8601,8612,8590,8573,8622,8633,8643
1620000US2717630,2717630,"East Gull Lake city, Minnesota",1004,1004,1006,996,997,1001,1003,1011
1620000US2717738,2717738,"Easton city, Minnesota",199,199,198,199,195,195,195,193
1620000US2717900,2717900,"Echo city, Minnesota",278,278,277,274,271,270,268,263
1620000US2718116,2718116,"Eden Prairie city, Minnesota",60797,60751,60860,61614,62212,62574,63233,63496
1620000US2718134,2718134,"Eden Valley city, Minnesota",1042,1042,1043,1037,1034,1033,1035,1036
1620000US2718152,2718152,"Edgerton city, Minnesota",1189,1189,1189,1179,1160,1146,1146,1139
1620000US2718188,2718188,"Edina city, Minnesota",47941,47940,48000,48639,49054,49408,49598,50138
1620000US2718260,2718260,"Effie city, Minnesota",123,123,123,123,123,124,124,123
1620000US2718368,2718368,"Eitzen city, Minnesota",243,243,243,241,240,243,242,242
1620000US2718386,2718386,"Elba city, Minnesota",152,152,152,157,156,157,156,155
1620000US2718458,2718458,"Elbow Lake city, Minnesota",1176,1176,1173,1171,1157,1163,1158,1144
1620000US2718530,2718530,"Elgin city, Minnesota",1089,1089,1088,1081,1072,1069,1061,1055
1620000US2718566,2718566,"Elizabeth city, Minnesota",173,173,173,173,173,173,173,173
1620000US2718662,2718662,"Elko New Market city, Minnesota",4110,4110,4126,4353,4418,4523,4659,4705
1620000US2718674,2718674,"Elk River city, Minnesota",22974,22974,23051,23268,23295,23458,23776,23963
1620000US2718728,2718728,"Elkton city, Minnesota",141,141,141,142,142,141,141,141
1620000US2718746,2718746,"Ellendale city, Minnesota",691,691,690,690,684,685,689,691
1620000US2718836,2718836,"Ellsworth city, Minnesota",463,463,462,464,464,464,460,460
1620000US2718872,2718872,"Elmdale city, Minnesota",116,116,116,116,115,114,114,113
1620000US2718998,2718998,"Elmore city, Minnesota",663,663,661,661,648,644,642,637
1620000US2719088,2719088,"Elrosa city, Minnesota",211,211,211,211,211,212,212,213
1620000US2719142,2719142,"Ely city, Minnesota",3460,3461,3458,3472,3449,3458,3464,3408
1620000US2719160,2719160,"Elysian city, Minnesota",652,652,652,656,653,661,669,669
1620000US2719286,2719286,"Emily city, Minnesota",813,813,815,816,823,826,824,829
1620000US2719340,2719340,"Emmons city, Minnesota",391,391,390,389,388,387,385,383
1620000US2719556,2719556,"Erhard city, Minnesota",148,148,148,148,148,148,148,148
1620000US2719700,2719700,"Erskine city, Minnesota",503,500,501,497,494,493,490,487
1620000US2719880,2719880,"Evan city, Minnesota",86,86,86,85,84,84,83,83
1620000US2719898,2719898,"Evansville city, Minnesota",612,612,611,604,605,604,602,601
1620000US2719934,2719934,"Eveleth city, Minnesota",3718,3718,3714,3706,3700,3700,3693,3673
1620000US2720078,2720078,"Excelsior city, Minnesota",2188,2198,2199,2221,2240,2255,2256,2279
1620000US2720114,2720114,"Eyota city, Minnesota",1977,1977,1978,1999,2019,2034,2036,2032
1620000US2720222,2720222,"Fairfax city, Minnesota",1235,1235,1232,1216,1207,1192,1182,1172
1620000US2720330,2720330,"Fairmont city, Minnesota",10666,10666,10654,10547,10463,10435,10320,10221
1620000US2720420,2720420,"Falcon Heights city, Minnesota",5321,5321,5328,5425,5457,5504,5522,5571
1620000US2720546,2720546,"Faribault city, Minnesota",23352,23352,23361,23428,23437,23468,23580,23650
1620000US2720618,2720618,"Farmington city, Minnesota",21086,21087,21156,21469,21914,22160,22555,22731
1620000US2720690,2720690,"Farwell city, Minnesota",51,51,51,52,52,52,52,52
1620000US2720798,2720798,"Federal Dam city, Minnesota",110,110,110,108,107,108,107,106
1620000US2720834,2720834,"Felton city, Minnesota",177,177,177,180,180,180,180,179
1620000US2720906,2720906,"Fergus Falls city, Minnesota",13138,13138,13129,13137,13224,13331,13298,13281
1620000US2720978,2720978,"Fertile city, Minnesota",842,842,843,838,837,842,842,841
1620000US2721032,2721032,"Fifty Lakes city, Minnesota",387,387,388,389,391,394,397,397
1620000US2721122,2721122,"Finlayson city, Minnesota",315,315,315,316,312,311,312,311
1620000US2721158,2721158,"Fisher city, Minnesota",435,435,436,434,433,434,432,434
1620000US2721266,2721266,"Flensburg city, Minnesota",225,225,225,225,226,229,228,227
1620000US2721338,2721338,"Floodwood city, Minnesota",528,528,528,528,528,527,525,522
1620000US2721410,2721410,"Florence city, Minnesota",39,39,39,39,39,38,38,38
1620000US2721536,2721536,"Foley city, Minnesota",2603,2629,2627,2642,2629,2636,2654,2656
1620000US2721608,2721608,"Forada city, Minnesota",185,185,185,184,187,188,190,191
1620000US2721770,2721770,"Forest Lake city, Minnesota",18375,18377,18421,18693,18966,19141,19403,19618
1620000US2721824,2721824,"Foreston city, Minnesota",533,533,533,527,522,522,519,516
1620000US2721932,2721932,"Fort Ripley city, Minnesota",69,69,69,69,69,69,69,69
1620000US2721986,2721986,"Fosston city, Minnesota",1527,1527,1529,1520,1514,1514,1504,1498
1620000US2722094,2722094,"Fountain city, Minnesota",410,410,409,409,408,410,408,408
1620000US2722202,2722202,"Foxhome city, Minnesota",116,116,116,116,117,115,115,113
1620000US2722364,2722364,"Franklin city, Minnesota",510,510,509,501,496,488,483,478
1620000US2722472,2722472,"Frazee city, Minnesota",1350,1350,1352,1365,1368,1373,1374,1371
1620000US2722526,2722526,"Freeborn city, Minnesota",297,297,297,296,295,294,293,291
1620000US2722652,2722652,"Freeport city, Minnesota",632,632,632,639,658,656,658,659
1620000US2722814,2722814,"Fridley city, Minnesota",27208,27208,27230,27308,27609,27630,27663,27713
1620000US2722940,2722940,"Frost city, Minnesota",198,198,197,198,194,194,194,192
1620000US2722958,2722958,"Fulda city, Minnesota",1318,1318,1313,1300,1285,1274,1254,1243
1620000US2722976,2722976,"Funkley city, Minnesota",5,5,5,5,5,5,5,5
1620000US2723120,2723120,"Garfield city, Minnesota",354,354,354,348,349,347,345,343
1620000US2723192,2723192,"Garrison city, Minnesota",210,208,208,207,206,204,203,201
1620000US2723228,2723228,"Garvin city, Minnesota",135,135,135,135,134,135,136,135
1620000US2723246,2723246,"Gary city, Minnesota",214,214,214,214,207,208,208,209
1620000US2723300,2723300,"Gaylord city, Minnesota",2305,2305,2307,2299,2286,2274,2250,2245
1620000US2723318,2723318,"Gem Lake city, Minnesota",393,393,394,399,402,420,447,469
1620000US2723354,2723354,"Geneva city, Minnesota",555,555,554,552,551,549,547,544
1620000US2723444,2723444,"Genola city, Minnesota",75,75,75,75,75,74,74,73
1620000US2723498,2723498,"Georgetown city, Minnesota",129,129,129,130,129,130,129,129
1620000US2723660,2723660,"Ghent city, Minnesota",370,370,370,371,368,365,368,367
1620000US2723678,2723678,"Gibbon city, Minnesota",772,772,773,771,766,761,753,752
1620000US2723714,2723714,"Gilbert city, Minnesota",1799,1799,1798,1798,1794,1798,1797,1792
1620000US2723804,2723804,"Gilman city, Minnesota",224,223,223,225,225,224,224,224
1620000US2723948,2723948,"Glencoe city, Minnesota",5631,5631,5653,5620,5557,5548,5527,5521
1620000US2724056,2724056,"Glenville city, Minnesota",643,643,642,640,639,637,634,630
1620000US2724074,2724074,"Glenwood city, Minnesota",2564,2564,2556,2542,2532,2520,2521,2568
1620000US2724182,2724182,"Glyndon city, Minnesota",1394,1392,1395,1398,1392,1395,1385,1380
1620000US2724308,2724308,"Golden Valley city, Minnesota",20371,20351,20376,20581,20757,20839,20867,21270
1620000US2724344,2724344,"Gonvick city, Minnesota",282,282,282,283,282,285,286,287
1620000US2724398,2724398,"Goodhue city, Minnesota",1176,1176,1177,1179,1180,1180,1177,1174
1620000US2724470,2724470,"Goodridge city, Minnesota",132,132,132,133,134,134,132,133
1620000US2724506,2724506,"Good Thunder city, Minnesota",583,583,583,583,587,583,582,578
1620000US2724524,2724524,"Goodview city, Minnesota",4036,4025,4030,4035,4002,4049,4030,4144
1620000US2724758,2724758,"Graceville city, Minnesota",577,577,576,575,568,563,565,555
1620000US2724884,2724884,"Granada city, Minnesota",303,303,303,300,298,298,295,293
1620000US2724992,2724992,"Grand Marais city, Minnesota",1351,1350,1346,1352,1341,1331,1338,1327
1620000US2725010,2725010,"Grand Meadow city, Minnesota",1139,1139,1140,1141,1145,1141,1143,1149
1620000US2725118,2725118,"Grand Rapids city, Minnesota",10869,10869,10863,10894,10914,10973,11080,11127
1620000US2725280,2725280,"Granite Falls city, Minnesota",2897,2897,2894,2855,2815,2800,2780,2747
1620000US2725334,2725334,"Grant city, Minnesota",4096,4080,4090,4089,4111,4127,4142,4147
1620000US2725424,2725424,"Grasston city, Minnesota",158,158,158,158,156,157,156,155
1620000US2725604,2725604,"Greenbush city, Minnesota",719,719,717,714,713,713,721,733
1620000US2725622,2725622,"Greenfield city, Minnesota",2777,2771,2775,2812,2833,2857,2886,2919
1620000US2725658,2725658,"Green Isle city, Minnesota",559,559,560,556,551,547,540,537
1620000US2725874,2725874,"Greenwald city, Minnesota",222,222,222,222,223,223,223,224
1620000US2725918,2725918,"Greenwood city, Minnesota",688,690,691,698,706,711,712,718
1620000US2726000,2726000,"Grey Eagle city, Minnesota",348,348,348,345,339,335,333,332
1620000US2726126,2726126,"Grove City city, Minnesota",635,635,636,631,625,622,620,616
1620000US2726216,2726216,"Grygla city, Minnesota",221,221,221,221,219,219,218,218
1620000US2726270,2726270,"Gully city, Minnesota",66,66,66,66,66,66,66,66
1620000US2726378,2726378,"Hackensack city, Minnesota",313,313,314,311,311,311,310,313
1620000US2726450,2726450,"Hadley city, Minnesota",61,61,61,60,60,59,59,58
1620000US2726576,2726576,"Hallock city, Minnesota",981,981,979,977,971,967,956,953
1620000US2726612,2726612,"Halma city, Minnesota",61,61,61,61,60,60,60,59
1620000US2726630,2726630,"Halstad city, Minnesota",597,597,596,594,576,576,574,575
1620000US2726666,2726666,"Hamburg city, Minnesota",513,513,514,518,517,520,521,520
1620000US2726738,2726738,"Ham Lake city, Minnesota",15296,15296,15320,15378,15532,15709,15884,16062
1620000US2726828,2726828,"Hammond city, Minnesota",132,132,132,131,132,136,135,134
1620000US2726864,2726864,"Hampton city, Minnesota",689,687,688,690,691,691,691,687
1620000US2726936,2726936,"Hancock city, Minnesota",765,765,764,758,752,755,758,755
1620000US2726972,2726972,"Hanley Falls city, Minnesota",304,304,303,300,296,295,293,288
1620000US2726990,2726990,"Hanover city, Minnesota",2938,2938,2946,2972,2996,3044,3184,3289
1620000US2727008,2727008,"Hanska city, Minnesota",402,402,401,396,391,386,381,377
1620000US2727098,2727098,"Harding city, Minnesota",125,125,125,127,127,127,126,126
1620000US2727116,2727116,"Hardwick city, Minnesota",198,198,198,197,195,194,194,195
1620000US2727188,2727188,"Harmony city, Minnesota",1020,1020,1019,1014,1009,1003,999,994
1620000US2727278,2727278,"Harris city, Minnesota",1132,1132,1133,1131,1126,1128,1124,1125
1620000US2727404,2727404,"Hartland city, Minnesota",315,315,315,313,313,312,310,309
1620000US2727530,2727530,"Hastings city, Minnesota",22172,22174,22194,22259,22320,22435,22544,22554
1620000US2727566,2727566,"Hatfield city, Minnesota",54,59,59,59,58,57,57,57
1620000US2727746,2727746,"Hawley city, Minnesota",2067,2067,2065,2075,2071,2091,2097,2179
1620000US2727872,2727872,"Hayfield city, Minnesota",1340,1340,1344,1338,1339,1336,1328,1320
1620000US2727944,2727944,"Hayward city, Minnesota",250,250,250,249,248,248,246,245
1620000US2728016,2728016,"Hazel Run city, Minnesota",63,63,63,62,61,61,61,60
1620000US2728124,2728124,"Hector city, Minnesota",1151,1151,1148,1129,1118,1100,1087,1076
1620000US2728214,2728214,"Heidelberg city, Minnesota",122,122,122,122,124,124,124,123
1620000US2728394,2728394,"Henderson city, Minnesota",886,886,887,882,877,878,873,874
1620000US2728430,2728430,"Hendricks city, Minnesota",713,713,712,705,698,697,696,691
1620000US2728484,2728484,"Hendrum city, Minnesota",307,307,307,306,298,299,298,300
1620000US2728520,2728520,"Henning city, Minnesota",802,802,801,801,798,800,798,798
1620000US2728574,2728574,"Henriette city, Minnesota",71,71,71,71,70,70,70,69
1620000US2728646,2728646,"Herman city, Minnesota",437,437,436,435,434,436,434,429
1620000US2728682,2728682,"Hermantown city, Minnesota",9414,9414,9434,9555,9591,9605,9690,9706
1620000US2728700,2728700,"Heron Lake city, Minnesota",698,698,697,690,694,690,688,676
1620000US2728754,2728754,"Hewitt city, Minnesota",266,266,266,263,258,254,250,248
1620000US2728790,2728790,"Hibbing city, Minnesota",16361,16361,16346,16324,16299,16307,16280,16204
1620000US2729096,2729096,"Hill City city, Minnesota",633,631,633,629,619,609,605,600
1620000US2729150,2729150,"Hillman city, Minnesota",38,38,38,38,38,37,37,37
1620000US2729204,2729204,"Hills city, Minnesota",686,684,682,684,676,673,671,673
1620000US2729258,2729258,"Hilltop city, Minnesota",744,744,743,740,744,740,738,736
1620000US2729294,2729294,"Hinckley city, Minnesota",1800,1800,1807,1801,1780,1777,1783,1806
1620000US2729402,2729402,"Hitterdal city, Minnesota",201,201,201,202,202,203,202,201
1620000US2729474,2729474,"Hoffman city, Minnesota",681,681,679,682,675,680,679,672
1620000US2729510,2729510,"Hokah city, Minnesota",580,580,579,573,568,565,561,560
1620000US2729582,2729582,"Holdingford city, Minnesota",708,708,707,707,705,703,705,713
1620000US2729618,2729618,"Holland city, Minnesota",187,187,187,186,183,181,181,180
1620000US2729636,2729636,"Hollandale city, Minnesota",303,303,303,301,301,300,299,297
1620000US2729672,2729672,"Holloway city, Minnesota",92,92,92,91,90,90,89,88
1620000US2729870,2729870,"Holt city, Minnesota",88,88,88,89,89,88,88,88
1620000US2730140,2730140,"Hopkins city, Minnesota",17591,17601,17619,17798,17992,18048,18057,18076
1620000US2730230,2730230,"Houston city, Minnesota",979,979,978,986,979,975,969,966
1620000US2730284,2730284,"Howard Lake city, Minnesota",1962,1971,1976,1986,1995,1996,2042,2039
1620000US2730302,2730302,"Hoyt Lakes city, Minnesota",2017,2017,2014,2010,2008,2017,2013,2004
1620000US2730392,2730392,"Hugo city, Minnesota",13332,13336,13455,13660,13839,14093,14244,14388
1620000US2730446,2730446,"Humboldt city, Minnesota",45,45,45,45,45,44,44,44
1620000US2730644,2730644,"Hutchinson city, Minnesota",14178,14180,14147,14073,13917,13902,13876,13913
1620000US2730806,2730806,"Ihlen city, Minnesota",63,63,63,63,62,61,61,61
1620000US2730842,2730842,"Independence city, Minnesota",3504,3536,3541,3593,3643,3681,3708,3741
1620000US2731040,2731040,"International Falls city, Minnesota",6424,6423,6419,6385,6349,6308,6184,6158
1620000US2731076,2731076,"Inver Grove Heights city, Minnesota",33880,33882,33912,34050,34186,34355,34682,34857
1620000US2731094,2731094,"Iona city, Minnesota",137,137,137,136,134,133,132,131
1620000US2731238,2731238,"Iron Junction city, Minnesota",86,86,86,86,86,86,86,86
1620000US2731274,2731274,"Ironton city, Minnesota",572,572,573,570,570,567,564,561
1620000US2731328,2731328,"Isanti city, Minnesota",5251,5316,5324,5397,5392,5384,5422,5464
1620000US2731472,2731472,"Isle city, Minnesota",751,776,776,773,771,778,783,788
1620000US2731526,2731526,"Ivanhoe city, Minnesota",559,570,569,563,558,556,555,550
1620000US2731562,2731562,"Jackson city, Minnesota",3299,3299,3305,3279,3306,3291,3288,3234
1620000US2731706,2731706,"Janesville city, Minnesota",2256,2256,2258,2259,2259,2242,2240,2254
1620000US2731760,2731760,"Jasper city, Minnesota",633,643,643,638,628,618,619,615
1620000US2731796,2731796,"Jeffers city, Minnesota",369,369,370,369,365,362,359,356
1620000US2731832,2731832,"Jenkins city, Minnesota",430,430,433,434,437,436,437,443
1620000US2732012,2732012,"Johnson city, Minnesota",29,29,29,29,29,28,28,28
1620000US2732174,2732174,"Jordan city, Minnesota",5470,5470,5482,5742,5836,5894,5961,6076
1620000US2732372,2732372,"Kandiyohi city, Minnesota",491,491,491,490,492,492,490,490
1620000US2732444,2732444,"Karlstad city, Minnesota",760,760,758,756,750,746,737,733
1620000US2732462,2732462,"Kasota city, Minnesota",675,675,675,675,668,667,666,660
1620000US2732498,2732498,"Kasson city, Minnesota",5931,5931,5958,5983,6008,6041,6072,6123
1620000US2732570,2732570,"Keewatin city, Minnesota",1068,1068,1066,1065,1064,1064,1057,1049
1620000US2732606,2732606,"Kelliher city, Minnesota",262,262,264,265,265,264,262,259
1620000US2732642,2732642,"Kellogg city, Minnesota",456,456,456,450,446,443,438,432
1620000US2732732,2732732,"Kennedy city, Minnesota",193,193,192,192,191,191,189,188
1620000US2732750,2732750,"Kenneth city, Minnesota",68,68,68,68,67,67,67,67
1620000US2732768,2732768,"Kensington city, Minnesota",292,292,292,289,290,290,290,291
1620000US2732786,2732786,"Kent city, Minnesota",81,81,81,81,82,81,80,79
1620000US2732840,2732840,"Kenyon city, Minnesota",1815,1815,1814,1818,1821,1821,1816,1814
1620000US2732876,2732876,"Kerkhoven city, Minnesota",759,759,757,750,742,736,727,717
1620000US2732912,2732912,"Kerrick city, Minnesota",65,65,65,65,64,64,64,64
1620000US2732966,2732966,"Kettle River city, Minnesota",180,180,180,180,179,179,179,179
1620000US2733056,2733056,"Kiester city, Minnesota",501,501,499,499,488,484,483,478
1620000US2733110,2733110,"Kilkenny city, Minnesota",134,134,134,134,133,133,133,133
1620000US2733164,2733164,"Kimball city, Minnesota",762,762,761,763,762,760,766,774
1620000US2733236,2733236,"Kinbrae city, Minnesota",12,12,12,12,12,12,12,12
1620000US2733344,2733344,"Kingston city, Minnesota",161,161,161,161,159,159,159,159
1620000US2733416,2733416,"Kinney city, Minnesota",169,169,169,169,169,169,169,169
1620000US2733866,2733866,"La Crescent city, Minnesota",4830,4863,4856,4831,4812,4813,4795,4826
1620000US2733920,2733920,"Lafayette city, Minnesota",504,504,504,503,498,495,492,489
1620000US2734100,2734100,"Lake Benton city, Minnesota",683,683,682,675,667,665,664,657
1620000US2734136,2734136,"Lake Bronson city, Minnesota",229,229,228,228,227,226,224,223
1620000US2734172,2734172,"Lake City city, Minnesota",5063,5063,5060,5024,4992,4979,4948,5027
1620000US2734190,2734190,"Lake Crystal city, Minnesota",2549,2549,2550,2546,2556,2541,2533,2527
1620000US2734244,2734244,"Lake Elmo city, Minnesota",8069,8051,8076,7991,8090,8190,8305,8406
1620000US2734316,2734316,"Lakefield city, Minnesota",1694,1700,1698,1684,1697,1690,1687,1656
1620000US2734478,2734478,"Lake Henry city, Minnesota",103,103,103,103,103,103,103,104
1620000US2734622,2734622,"Lakeland city, Minnesota",1796,1796,1800,1799,1808,1814,1832,1839
1620000US2734658,2734658,"Lakeland Shores city, Minnesota",311,309,310,309,311,312,313,314
1620000US2734676,2734676,"Lake Lillian city, Minnesota",238,238,238,237,238,238,238,238
1620000US2734784,2734784,"Lake Park city, Minnesota",783,783,783,784,783,785,782,779
1620000US2734865,2734865,"Lake St. Croix Beach city, Minnesota",1051,1060,1062,1062,1068,1072,1072,1075
1620000US2734928,2734928,"Lake Shore city, Minnesota",1004,1004,1007,999,1005,1010,1016,1023
1620000US2735180,2735180,"Lakeville city, Minnesota",55954,55954,56112,56618,57312,58566,59810,60633
1620000US2735198,2735198,"Lake Wilson city, Minnesota",251,251,250,248,246,244,241,239
1620000US2735288,2735288,"Lamberton city, Minnesota",824,824,823,825,814,805,795,791
1620000US2735378,2735378,"Lancaster city, Minnesota",340,340,339,339,337,338,332,331
1620000US2735414,2735414,"Landfall city, Minnesota",686,706,705,712,748,743,738,735
1620000US2735450,2735450,"Lanesboro city, Minnesota",754,754,753,751,748,740,736,734
1620000US2735612,2735612,"Laporte city, Minnesota",111,111,111,111,113,114,113,114
1620000US2735648,2735648,"La Prairie city, Minnesota",665,665,664,663,663,667,663,659
1620000US2735702,2735702,"La Salle city, Minnesota",87,87,87,87,87,86,85,85
1620000US2735720,2735720,"Lastrup city, Minnesota",104,104,104,104,103,102,102,102
1620000US2735738,2735738,"Lauderdale city, Minnesota",2379,2379,2383,2413,2436,2463,2489,2506
1620000US2736134,2736134,"Le Center city, Minnesota",2499,2499,2498,2504,2483,2474,2472,2459
1620000US2736404,2736404,"Lengby city, Minnesota",86,86,86,86,86,86,85,85
1620000US2736494,2736494,"Leonard city, Minnesota",41,41,41,41,41,42,42,42
1620000US2736530,2736530,"Leonidas city, Minnesota",52,52,52,52,52,52,52,52
1620000US2736620,2736620,"Le Roy city, Minnesota",929,929,930,931,930,926,924,921
1620000US2736728,2736728,"Lester Prairie city, Minnesota",1730,1730,1726,1714,1692,1690,1687,1686
1620000US2736746,2736746,"Le Sueur city, Minnesota",4058,4058,4054,4058,4026,4019,4020,3999
1620000US2736800,2736800,"Lewiston city, Minnesota",1620,1620,1618,1607,1596,1594,1584,1571
1620000US2736818,2736818,"Lewisville city, Minnesota",250,250,250,250,249,247,245,245
1620000US2736836,2736836,"Lexington city, Minnesota",2049,2058,2058,2051,2023,2022,2021,2022
1620000US2737016,2737016,"Lilydale city, Minnesota",623,623,624,625,803,871,874,872
1620000US2737304,2737304,"Lindstrom city, Minnesota",4442,4442,4446,4432,4405,4405,4402,4401
1620000US2737322,2737322,"Lino Lakes city, Minnesota",20216,20216,20257,20527,20732,20829,20913,21050
1620000US2737412,2737412,"Lismore city, Minnesota",227,227,227,228,230,230,230,230
1620000US2737448,2737448,"Litchfield city, Minnesota",6726,6726,6730,6699,6674,6685,6679,6657
1620000US2737502,2737502,"Little Canada city, Minnesota",9773,9773,9787,9918,10033,10135,10247,10319
1620000US2737556,2737556,"Little Falls city, Minnesota",8343,8830,8843,8820,8774,8689,8670,8649
1620000US2737592,2737592,"Littlefork city, Minnesota",647,647,647,643,639,637,624,622
1620000US2737970,2737970,"Long Beach city, Minnesota",335,335,340,362,386,410,410,412
1620000US2738006,2738006,"Long Lake city, Minnesota",1768,1756,1759,1776,1791,1797,1798,1800
1620000US2738060,2738060,"Long Prairie city, Minnesota",3458,3464,3461,3448,3417,3389,3361,3347
1620000US2738114,2738114,"Longville city, Minnesota",156,156,156,154,154,155,156,157
1620000US2738150,2738150,"Lonsdale city, Minnesota",3674,3674,3697,3722,3762,3792,3800,3843
1620000US2738222,2738222,"Loretto city, Minnesota",650,650,651,658,663,666,667,668
1620000US2738258,2738258,"Louisburg city, Minnesota",47,47,47,47,46,45,45,44
1620000US2738366,2738366,"Lowry city, Minnesota",299,299,298,295,294,293,295,298
1620000US2738420,2738420,"Lucan city, Minnesota",191,191,191,191,189,187,185,184
1620000US2738564,2738564,"Luverne city, Minnesota",4745,4739,4728,4711,4677,4658,4651,4677
1620000US2738654,2738654,"Lyle city, Minnesota",551,551,552,551,549,546,546,542
1620000US2738708,2738708,"Lynd city, Minnesota",448,448,448,446,443,438,438,442
1620000US2738888,2738888,"Mabel city, Minnesota",780,780,779,777,773,766,762,760
1620000US2738996,2738996,"McGrath city, Minnesota",80,80,80,79,78,77,77,77
1620000US2739014,2739014,"McGregor city, Minnesota",391,391,391,385,382,375,371,367
1620000US2739050,2739050,"McIntosh city, Minnesota",625,625,626,621,622,623,620,618
1620000US2739140,2739140,"McKinley city, Minnesota",128,128,128,128,128,128,128,128
1620000US2739230,2739230,"Madelia city, Minnesota",2308,2308,2303,2295,2291,2271,2256,2250
1620000US2739266,2739266,"Madison city, Minnesota",1551,1551,1545,1544,1519,1496,1471,1462
1620000US2739320,2739320,"Madison Lake city, Minnesota",1017,1017,1017,1027,1047,1059,1064,1094
1620000US2739338,2739338,"Magnolia city, Minnesota",222,222,222,221,219,218,218,219
1620000US2739392,2739392,"Mahnomen city, Minnesota",1214,1214,1217,1232,1237,1229,1238,1222
1620000US2739428,2739428,"Mahtomedi city, Minnesota",7676,7727,7745,7886,7938,8019,8064,8116
1620000US2739716,2739716,"Manchester city, Minnesota",57,57,57,57,57,56,56,56
1620000US2739806,2739806,"Manhattan Beach city, Minnesota",57,57,57,57,57,58,58,58
1620000US2739878,2739878,"Mankato city, Minnesota",39309,39717,39789,39967,40459,40409,40837,41044
1620000US2739986,2739986,"Mantorville city, Minnesota",1197,1197,1200,1202,1204,1209,1206,1200
1620000US2740166,2740166,"Maple Grove city, Minnesota",61567,61569,61803,63204,64422,65437,66947,68385
1620000US2740220,2740220,"Maple Lake city, Minnesota",2059,2059,2065,2078,2089,2092,2093,2092
1620000US2740256,2740256,"Maple Plain city, Minnesota",1768,1742,1745,1762,1776,1782,1780,1785
1620000US2740310,2740310,"Mapleton city, Minnesota",1756,1756,1757,1757,1762,1748,1744,1731
1620000US2740346,2740346,"Mapleview city, Minnesota",176,176,176,177,177,177,177,176
1620000US2740382,2740382,"Maplewood city, Minnesota",38018,38018,38081,38796,39430,39868,40273,40567
1620000US2740418,2740418,"Marble city, Minnesota",701,701,700,702,701,701,698,693
1620000US2740526,2740526,"Marietta city, Minnesota",162,162,162,162,159,157,154,153
1620000US2740562,2740562,"Marine on St. Croix city, Minnesota",689,687,689,688,693,693,695,695
1620000US2740688,2740688,"Marshall city, Minnesota",13680,13687,13689,13618,13584,13554,13661,13652
1620000US2741138,2741138,"Mayer city, Minnesota",1749,1749,1758,1773,1774,1822,1858,1903
1620000US2741210,2741210,"Maynard city, Minnesota",366,366,366,361,354,352,352,351
1620000US2741282,2741282,"Mazeppa city, Minnesota",842,840,840,831,831,833,827,822
1620000US2741372,2741372,"Meadowlands city, Minnesota",134,134,134,134,134,134,134,134
1620000US2741426,2741426,"Medford city, Minnesota",1239,1239,1237,1238,1230,1231,1237,1249
1620000US2741462,2741462,"Medicine Lake city, Minnesota",371,355,356,359,362,366,370,374
1620000US2741480,2741480,"Medina city, Minnesota",4892,4890,4900,4969,5043,5223,5668,5973
1620000US2741534,2741534,"Meire Grove city, Minnesota",179,179,179,179,179,179,180,181
1620000US2741570,2741570,"Melrose city, Minnesota",3598,3598,3596,3604,3601,3600,3601,3616
1620000US2741660,2741660,"Menahga city, Minnesota",1306,1306,1306,1287,1282,1314,1334,1339
1620000US2741678,2741678,"Mendota city, Minnesota",198,198,198,204,204,205,205,205
1620000US2741696,2741696,"Mendota Heights city, Minnesota",11071,11071,11080,11113,11135,11173,11213,11223
1620000US2741714,2741714,"Mentor city, Minnesota",153,153,153,153,152,153,152,152
1620000US2741912,2741912,"Middle River city, Minnesota",303,303,303,303,301,299,298,296
1620000US2742092,2742092,"Miesville city, Minnesota",125,125,125,125,126,126,131,131
1620000US2742110,2742110,"Milaca city, Minnesota",2946,2946,2945,2919,2897,2903,2891,2883
1620000US2742146,2742146,"Milan city, Minnesota",369,369,369,366,361,359,359,360
1620000US2742254,2742254,"Millerville city, Minnesota",106,106,106,105,105,105,105,105
1620000US2742290,2742290,"Millville city, Minnesota",182,182,182,181,180,179,178,177
1620000US2742362,2742362,"Milroy city, Minnesota",252,252,251,252,249,247,244,245
1620000US2742398,2742398,"Miltona city, Minnesota",424,424,424,424,430,430,431,431
1620000US2743000,2743000,"Minneapolis city, Minnesota",382578,382599,383083,388277,392913,400478,407209,410939
1620000US2743036,2743036,"Minneiska city, Minnesota",111,111,111,110,109,110,109,108
1620000US2743126,2743126,"Minneota city, Minnesota",1392,1392,1392,1390,1379,1365,1368,1363
1620000US2743144,2743144,"Minnesota City city, Minnesota",204,204,204,203,202,202,202,200
1620000US2743198,2743198,"Minnesota Lake city, Minnesota",687,687,684,686,674,669,668,662
1620000US2743252,2743252,"Minnetonka city, Minnesota",49734,49723,49787,50629,51114,51384,51489,51669
1620000US2743270,2743270,"Minnetonka Beach city, Minnesota",539,540,541,551,556,558,559,570
1620000US2743306,2743306,"Minnetrista city, Minnesota",6384,6376,6410,6533,6673,6783,6885,7178
1620000US2743540,2743540,"Mizpah city, Minnesota",56,56,56,56,56,55,54,54
1620000US2743720,2743720,"Montevideo city, Minnesota",5383,5383,5386,5333,5253,5220,5211,5217
1620000US2743738,2743738,"Montgomery city, Minnesota",2956,2956,2955,2958,2932,2926,2933,2915
1620000US2743774,2743774,"Monticello city, Minnesota",12759,12759,12807,12902,12967,13034,13148,13299
1620000US2743810,2743810,"Montrose city, Minnesota",2847,2847,2868,2920,2966,3016,3049,3079
1620000US2743864,2743864,"Moorhead city, Minnesota",38065,39449,39586,40234,40468,40672,41244,42005
1620000US2743954,2743954,"Moose Lake city, Minnesota",2751,2751,2755,2777,2787,2800,2745,2748
1620000US2744044,2744044,"Mora city, Minnesota",3571,3571,3567,3567,3508,3507,3490,3462
1620000US2744116,2744116,"Morgan city, Minnesota",896,896,895,895,882,872,872,867
1620000US2744242,2744242,"Morris city, Minnesota",5286,5286,5280,5310,5349,5344,5395,5352
1620000US2744296,2744296,"Morristown city, Minnesota",987,987,988,986,986,989,989,992
1620000US2744368,2744368,"Morton city, Minnesota",411,411,410,402,398,391,386,382
1620000US2744422,2744422,"Motley city, Minnesota",671,671,671,668,663,655,651,646
1620000US2744476,2744476,"Mound city, Minnesota",9052,9047,9058,9155,9235,9271,9303,9336
1620000US2744530,2744530,"Mounds View city, Minnesota",12155,12155,12175,12322,12437,12564,12681,12914
1620000US2744548,2744548,"Mountain Iron city, Minnesota",2869,2869,2868,2869,2874,2884,2886,2880
1620000US2744566,2744566,"Mountain Lake city, Minnesota",2104,2104,2107,2113,2094,2136,2126,2117
1620000US2744818,2744818,"Murdock city, Minnesota",278,278,277,276,273,272,269,266
1620000US2744890,2744890,"Myrtle city, Minnesota",48,48,48,48,48,47,47,47
1620000US2744944,2744944,"Nashua city, Minnesota",68,68,68,68,68,68,67,66
1620000US2744980,2744980,"Nashwauk city, Minnesota",983,983,982,982,981,981,975,968
1620000US2745016,2745016,"Nassau city, Minnesota",72,72,72,72,71,70,69,68
1620000US2745106,2745106,"Nelson city, Minnesota",187,187,187,185,186,186,186,186
1620000US2745196,2745196,"Nerstrand city, Minnesota",295,295,295,296,297,298,298,299
1620000US2745340,2745340,"Nevis city, Minnesota",390,390,390,399,398,401,398,401
1620000US2745376,2745376,"New Auburn city, Minnesota",456,456,456,453,449,445,439,437
1620000US2745430,2745430,"New Brighton city, Minnesota",21456,21456,21485,21704,21915,22127,22310,22351
1620000US2745520,2745520,"Newfolden city, Minnesota",368,368,368,370,370,372,373,373
1620000US2745556,2745556,"New Germany city, Minnesota",372,373,374,376,376,382,383,389
1620000US2745628,2745628,"New Hope city, Minnesota",20339,20346,20368,20570,20738,20806,20792,21032
1620000US2745682,2745682,"New London city, Minnesota",1251,1251,1252,1263,1280,1291,1310,1328
1620000US2745772,2745772,"New Munich city, Minnesota",320,320,320,323,323,323,324,326
1620000US2745790,2745790,"Newport city, Minnesota",3435,3435,3441,3440,3454,3461,3470,3480
1620000US2745808,2745808,"New Prague city, Minnesota",7321,7329,7343,7390,7428,7491,7538,7582
1620000US2745862,2745862,"New Richland city, Minnesota",1203,1203,1203,1210,1207,1198,1188,1188
1620000US2746024,2746024,"New Trier city, Minnesota",112,112,112,112,113,113,113,113
1620000US2746042,2746042,"New Ulm city, Minnesota",13522,13522,13502,13394,13257,13190,13258,13327
1620000US2746060,2746060,"New York Mills city, Minnesota",1199,1199,1198,1199,1194,1199,1224,1225
1620000US2746150,2746150,"Nicollet city, Minnesota",1093,1093,1094,1098,1124,1129,1133,1138
1620000US2746258,2746258,"Nielsville city, Minnesota",90,90,90,90,90,90,89,89
1620000US2746294,2746294,"Nimrod city, Minnesota",69,69,69,68,68,68,68,68
1620000US2746348,2746348,"Nisswa city, Minnesota",1971,1971,1974,1981,1987,1999,2012,2011
1620000US2746492,2746492,"Norcross city, Minnesota",70,70,70,70,69,70,70,69
1620000US2746798,2746798,"North Branch city, Minnesota",10125,10125,10127,10076,10007,10085,10138,10215
1620000US2746924,2746924,"Northfield city, Minnesota",20007,20017,20057,20173,20140,20254,20386,20380
1620000US2747068,2747068,"North Mankato city, Minnesota",13394,13397,13410,13399,13375,13413,13480,13529
1620000US2747104,2747104,"North Oaks city, Minnesota",4469,4469,4477,4538,4586,4700,4814,4968
1620000US2747122,2747122,"Northome city, Minnesota",200,200,200,199,199,198,195,194
1620000US2747212,2747212,"Northrop city, Minnesota",227,227,227,225,224,223,221,219
1620000US2747221,2747221,"North St. Paul city, Minnesota",11460,11460,11478,11620,11723,11861,12247,12322
1620000US2747520,2747520,"Norwood Young America city, Minnesota",3549,3569,3572,3600,3603,3628,3667,3677
1620000US2747536,2747536,"Nowthen city, Minnesota",4443,4443,4448,4455,4495,4524,4554,4582
1620000US2747680,2747680,"Oakdale city, Minnesota",27378,27365,27433,27583,27719,27781,28039,28080
1620000US2747690,2747690,"Oak Grove city, Minnesota",8031,8031,8044,8050,8102,8173,8322,8439
1620000US2747914,2747914,"Oak Park Heights city, Minnesota",4339,4444,4451,4657,4663,4787,4769,4831
1620000US2748058,2748058,"Odessa city, Minnesota",135,135,135,134,132,131,131,129
1620000US2748094,2748094,"Odin city, Minnesota",106,106,106,106,105,105,104,104
1620000US2748130,2748130,"Ogema city, Minnesota",184,184,184,185,185,185,185,185
1620000US2748166,2748166,"Ogilvie city, Minnesota",369,369,369,368,360,360,356,352
1620000US2748184,2748184,"Okabena city, Minnesota",188,188,188,186,188,187,187,184
1620000US2748202,2748202,"Oklee city, Minnesota",435,435,434,435,431,427,422,424
1620000US2748256,2748256,"Olivia city, Minnesota",2484,2484,2477,2444,2428,2394,2371,2356
1620000US2748310,2748310,"Onamia city, Minnesota",878,878,878,873,868,870,867,864
1620000US2748562,2748562,"Ormsby city, Minnesota",131,131,131,130,130,129,127,128
1620000US2748580,2748580,"Orono city, Minnesota",7437,7450,7468,7544,7733,7812,7896,8006
1620000US2748598,2748598,"Oronoco city, Minnesota",1300,1300,1301,1310,1320,1340,1410,1446
1620000US2748634,2748634,"Orr city, Minnesota",267,267,267,267,269,269,303,335
1620000US2748706,2748706,"Ortonville city, Minnesota",1916,1916,1914,1895,1872,1853,1848,1815
1620000US2748796,2748796,"Osakis city, Minnesota",1740,1740,1739,1724,1721,1722,1717,1719
1620000US2748976,2748976,"Oslo city, Minnesota",330,330,330,330,328,325,323,320
1620000US2749012,2749012,"Osseo city, Minnesota",2430,2430,2432,2453,2471,2478,2612,2748
1620000US2749030,2749030,"Ostrander city, Minnesota",254,254,254,256,257,255,254,254
1620000US2749138,2749138,"Otsego city, Minnesota",13571,13571,13661,13918,14135,14530,15058,15551
1620000US2749210,2749210,"Ottertail city, Minnesota",572,572,573,577,580,589,598,602
1620000US2749300,2749300,"Owatonna city, Minnesota",25599,25601,25552,25565,25415,25496,25643,25725
1620000US2749498,2749498,"Palisade city, Minnesota",167,167,167,165,163,161,160,159
1620000US2749732,2749732,"Parkers Prairie city, Minnesota",1011,1011,1010,1010,1006,1007,1006,1005
1620000US2749768,2749768,"Park Rapids city, Minnesota",3709,3872,3869,3875,3862,3906,3930,3947
1620000US2749966,2749966,"Paynesville city, Minnesota",2432,2432,2430,2429,2430,2423,2424,2433
1620000US2750056,2750056,"Pease city, Minnesota",242,242,242,240,239,240,240,240
1620000US2750164,2750164,"Pelican Rapids city, Minnesota",2464,2462,2461,2466,2452,2462,2457,2461
1620000US2750200,2750200,"Pemberton city, Minnesota",247,247,247,247,249,249,249,248
1620000US2750344,2750344,"Pennock city, Minnesota",508,508,508,510,514,517,516,515
1620000US2750416,2750416,"Pequot Lakes city, Minnesota",2162,2162,2164,2162,2168,2228,2237,2243
1620000US2750470,2750470,"Perham city, Minnesota",2985,2979,2982,2991,3015,3081,3185,3278
1620000US2750506,2750506,"Perley city, Minnesota",92,92,92,92,89,89,89,90
1620000US2750596,2750596,"Peterson city, Minnesota",199,198,198,199,201,199,199,199
1620000US2750776,2750776,"Pierz city, Minnesota",1393,1395,1398,1403,1392,1376,1369,1362
1620000US2750902,2750902,"Pillager city, Minnesota",469,469,470,462,459,457,454,453
1620000US2751064,2751064,"Pine City city, Minnesota",3123,3133,3127,3123,3086,3073,3078,3078
1620000US2751136,2751136,"Pine Island city, Minnesota",3263,3271,3272,3280,3298,3314,3322,3337
1620000US2751280,2751280,"Pine River city, Minnesota",944,944,946,934,930,930,927,927
1620000US2751316,2751316,"Pine Springs city, Minnesota",408,388,389,389,390,394,395,396
1620000US2751388,2751388,"Pipestone city, Minnesota",4317,4317,4314,4279,4212,4159,4166,4141
1620000US2751424,2751424,"Plainview city, Minnesota",3340,3340,3341,3320,3293,3290,3262,3237
1620000US2751460,2751460,"Plato city, Minnesota",320,320,319,318,317,317,316,317
1620000US2751712,2751712,"Plummer city, Minnesota",292,292,291,293,291,292,291,293
1620000US2751730,2751730,"Plymouth city, Minnesota",70576,70561,70688,71662,72916,73992,75058,75907
1620000US2752144,2752144,"Porter city, Minnesota",183,183,183,180,182,183,182,179
1620000US2752450,2752450,"Preston city, Minnesota",1325,1325,1323,1320,1314,1300,1296,1299
1620000US2752522,2752522,"Princeton city, Minnesota",4698,4745,4743,4708,4677,4692,4680,4680
1620000US2752558,2752558,"Prinsburg city, Minnesota",497,497,497,496,498,498,496,496
1620000US2752594,2752594,"Prior Lake city, Minnesota",22796,22908,22994,23339,23884,24458,25004,25282
1620000US2752630,2752630,"Proctor city, Minnesota",3057,3058,3059,3060,3059,3070,3077,3068
1620000US2752756,2752756,"Quamba city, Minnesota",123,123,123,126,127,130,129,128
1620000US2752882,2752882,"Racine city, Minnesota",442,442,445,457,468,481,497,515
1620000US2753026,2753026,"Ramsey city, Minnesota",23668,23668,23723,23861,24041,24892,25589,25828
1620000US2753080,2753080,"Randall city, Minnesota",650,650,650,647,642,634,630,624
1620000US2753098,2753098,"Randolph city, Minnesota",436,436,436,438,444,443,442,441
1620000US2753134,2753134,"Ranier city, Minnesota",145,612,612,608,604,600,589,586
1620000US2753296,2753296,"Raymond city, Minnesota",764,764,763,760,760,758,754,756
1620000US2753476,2753476,"Red Lake Falls city, Minnesota",1427,1427,1421,1430,1418,1408,1395,1406
1620000US2753620,2753620,"Red Wing city, Minnesota",16459,16459,16460,16479,16514,16486,16441,16445
1620000US2753656,2753656,"Redwood Falls city, Minnesota",5254,5254,5249,5254,5184,5126,5057,5061
1620000US2753710,2753710,"Regal city, Minnesota",34,34,34,34,34,34,34,34
1620000US2753782,2753782,"Remer city, Minnesota",370,370,371,365,364,364,363,362
1620000US2753890,2753890,"Renville city, Minnesota",1287,1287,1284,1263,1252,1234,1223,1213
1620000US2753908,2753908,"Revere city, Minnesota",95,95,95,95,94,94,92,92
1620000US2753998,2753998,"Rice city, Minnesota",1275,1275,1280,1310,1320,1334,1342,1361
1620000US2754214,2754214,"Richfield city, Minnesota",35228,35228,35264,35602,36094,36204,36181,36216
1620000US2754268,2754268,"Richmond city, Minnesota",1422,1422,1421,1426,1425,1423,1424,1435
1620000US2754340,2754340,"Richville city, Minnesota",96,96,96,96,96,96,96,96
1620000US2754736,2754736,"Riverton city, Minnesota",117,117,117,117,117,117,116,116
1620000US2754808,2754808,"Robbinsdale city, Minnesota",13953,13951,13965,14127,14263,14312,14319,14418
1620000US2754880,2754880,"Rochester city, Minnesota",106769,106748,106976,108132,108999,110592,111333,112225
1620000US2754934,2754934,"Rock Creek city, Minnesota",1628,1628,1626,1624,1607,1598,1603,1600
1620000US2755006,2755006,"Rockford city, Minnesota",4316,4316,4328,4355,4365,4363,4368,4358
1620000US2755078,2755078,"Rockville city, Minnesota",2448,2448,2449,2460,2473,2473,2490,2514
1620000US2755186,2755186,"Rogers city, Minnesota",8597,11200,11231,11442,11644,11989,12394,12562
1620000US2755276,2755276,"Rollingstone city, Minnesota",664,664,663,658,657,658,661,657
1620000US2755438,2755438,"Roosevelt city, Minnesota",151,151,150,150,150,151,153,153
1620000US2755510,2755510,"Roscoe city, Minnesota",102,102,102,102,102,102,102,103
1620000US2755546,2755546,"Roseau city, Minnesota",2633,2631,2620,2613,2614,2621,2662,2715
1620000US2755600,2755600,"Rose Creek city, Minnesota",394,394,394,396,396,398,400,399
1620000US2755726,2755726,"Rosemount city, Minnesota",21874,21874,21949,22217,22410,22668,22980,23413
1620000US2755852,2755852,"Roseville city, Minnesota",33660,33660,33711,34062,34677,35014,35383,35580
1620000US2756014,2756014,"Rothsay city, Minnesota",493,493,494,492,493,491,488,485
1620000US2756086,2756086,"Round Lake city, Minnesota",376,376,375,376,377,376,373,371
1620000US2756176,2756176,"Royalton city, Minnesota",1242,1239,1240,1236,1227,1226,1219,1215
1620000US2756266,2756266,"Rush City city, Minnesota",3079,3079,3080,3076,3067,3068,3073,3072
1620000US2756284,2756284,"Rushford city, Minnesota",1731,1731,1728,1732,1737,1720,1715,1712
1620000US2756302,2756302,"Rushford Village city, Minnesota",807,808,807,804,805,808,811,808
1620000US2756338,2756338,"Rushmore city, Minnesota",342,342,342,342,342,341,338,336
1620000US2756428,2756428,"Russell city, Minnesota",338,338,338,339,336,334,334,333
1620000US2756482,2756482,"Ruthton city, Minnesota",241,241,241,239,236,233,234,233
1620000US2756518,2756518,"Rutledge city, Minnesota",229,229,229,226,222,221,222,221
1620000US2756554,2756554,"Sabin city, Minnesota",522,522,522,534,535,546,552,551
1620000US2756572,2756572,"Sacred Heart city, Minnesota",548,548,547,537,532,525,519,518
1620000US2756680,2756680,"St. Anthony city (Hennepin and Ramsey Counties), Minnesota",8226,8226,8235,8338,8402,8597,8965,8991
1620000US2756698,2756698,"St. Anthony city (Stearns County), Minnesota",86,86,86,86,86,86,86,87
1620000US2756724,2756724,"St. Augusta city, Minnesota",3317,3317,3326,3382,3431,3482,3551,3598
1620000US2756770,2756770,"St. Bonifacius city, Minnesota",2283,2257,2260,2286,2305,2313,2317,2320
1620000US2756788,2756788,"St. Charles city, Minnesota",3735,3740,3739,3726,3703,3708,3706,3709
1620000US2756824,2756824,"St. Clair city, Minnesota",868,868,868,866,868,859,855,848
1620000US2756896,2756896,"St. Cloud city, Minnesota",65842,65946,65965,65931,65983,66102,66444,67109
1620000US2756950,2756950,"St. Francis city, Minnesota",7218,7218,7230,7256,7303,7319,7357,7406
1620000US2757022,2757022,"St. Hilaire city, Minnesota",279,279,280,280,281,281,276,279
1620000US2757040,2757040,"St. James city, Minnesota",4605,4604,4599,4585,4561,4524,4477,4467
1620000US2757130,2757130,"St. Joseph city, Minnesota",6534,6534,6574,6616,6651,6812,6829,6864
1620000US2757202,2757202,"St. Leo city, Minnesota",100,100,100,99,97,97,96,95
1620000US2757220,2757220,"St. Louis Park city, Minnesota",45250,45241,45289,45750,46363,47440,47503,48171
1620000US2757238,2757238,"St. Martin city, Minnesota",308,308,308,308,309,309,309,314
1620000US2757292,2757292,"St. Marys Point city, Minnesota",368,370,371,373,377,378,379,380
1620000US2757346,2757346,"St. Michael city, Minnesota",16399,16399,16455,16605,16768,16882,17100,17196
1620000US2758000,2758000,"St. Paul city, Minnesota",285068,285068,285499,289015,291448,295648,298177,300851
1620000US2758018,2758018,"St. Paul Park city, Minnesota",5279,5268,5280,5291,5315,5338,5368,5379
1620000US2758036,2758036,"St. Peter city, Minnesota",11196,11196,11197,11431,11441,11375,11657,11666
1620000US2758072,2758072,"St. Rosa city, Minnesota",68,68,68,68,68,68,68,69
1620000US2758090,2758090,"St. Stephen city, Minnesota",851,851,850,852,853,853,855,860
1620000US2758144,2758144,"St. Vincent city, Minnesota",64,64,64,64,63,63,63,62
1620000US2758306,2758306,"Sanborn city, Minnesota",339,339,338,338,332,327,321,318
1620000US2758396,2758396,"Sandstone city, Minnesota",2849,2849,2847,2833,2769,2762,2741,2768
1620000US2758576,2758576,"Sargeant city, Minnesota",61,61,61,61,61,61,61,61
1620000US2758612,2758612,"Sartell city, Minnesota",15876,15951,16033,16155,16257,16360,16542,16788
1620000US2758648,2758648,"Sauk Centre city, Minnesota",4317,4311,4308,4314,4321,4318,4332,4357
1620000US2758684,2758684,"Sauk Rapids city, Minnesota",12773,12837,12837,12953,12974,13261,13327,13424
1620000US2758738,2758738,"Savage city, Minnesota",26911,26911,27010,27373,27978,28688,29167,30391
1620000US2758900,2758900,"Scandia city, Minnesota",3936,3929,3941,3953,3979,3996,4026,4057
1620000US2758936,2758936,"Scanlon city, Minnesota",991,991,991,991,982,979,980,979
1620000US2759098,2759098,"Seaforth city, Minnesota",86,86,86,86,85,84,83,83
1620000US2759152,2759152,"Sebeka city, Minnesota",711,711,711,701,698,695,689,692
1620000US2759188,2759188,"Sedan city, Minnesota",45,45,45,44,44,44,44,44
1620000US2759314,2759314,"Shafer city, Minnesota",1045,1045,1046,1037,1044,1047,1041,1036
1620000US2759350,2759350,"Shakopee city, Minnesota",37076,37073,37376,38025,38787,39260,39616,39981
1620000US2759566,2759566,"Shelly city, Minnesota",191,191,191,191,185,186,186,187
1620000US2759620,2759620,"Sherburn city, Minnesota",1137,1137,1136,1125,1116,1112,1100,1089
1620000US2759782,2759782,"Shevlin city, Minnesota",176,176,176,176,176,178,179,179
1620000US2759998,2759998,"Shoreview city, Minnesota",25043,25043,25086,25424,25687,25991,26246,26477
1620000US2760016,2760016,"Shorewood city, Minnesota",7307,7287,7298,7377,7451,7521,7558,7614
1620000US2760250,2760250,"Silver Bay city, Minnesota",1887,1887,1887,1869,1868,1852,1829,1813
1620000US2760376,2760376,"Silver Lake city, Minnesota",837,837,835,829,819,817,813,812
1620000US2760754,2760754,"Skyline city, Minnesota",289,295,295,295,297,295,294,293
1620000US2760808,2760808,"Slayton city, Minnesota",2153,2153,2145,2129,2109,2100,2072,2053
1620000US2760844,2760844,"Sleepy Eye city, Minnesota",3599,3599,3593,3562,3522,3489,3460,3443
1620000US2761006,2761006,"Sobieski city, Minnesota",195,195,195,195,194,192,191,190
1620000US2761114,2761114,"Solway city, Minnesota",96,96,96,97,98,98,97,97
1620000US2761402,2761402,"South Haven city, Minnesota",187,187,187,189,190,191,191,191
1620000US2761492,2761492,"South St. Paul city, Minnesota",20160,20158,20171,20361,20398,20443,20471,20405
1620000US2761690,2761690,"Spicer city, Minnesota",1167,1173,1174,1181,1187,1191,1192,1196
1620000US2761816,2761816,"Springfield city, Minnesota",2152,2152,2149,2138,2115,2097,2077,2068
1620000US2761852,2761852,"Spring Grove city, Minnesota",1330,1330,1328,1316,1307,1304,1296,1293
1620000US2761888,2761888,"Spring Hill city, Minnesota",85,85,85,85,85,85,85,86
1620000US2761996,2761996,"Spring Lake Park city, Minnesota",6412,6412,6417,6406,6440,6451,6462,6473
1620000US2762014,2762014,"Spring Park city, Minnesota",1669,1669,1671,1687,1699,1703,1701,1705
1620000US2762104,2762104,"Spring Valley city, Minnesota",2479,2479,2473,2465,2453,2428,2421,2413
1620000US2762284,2762284,"Squaw Lake city, Minnesota",107,107,107,107,107,108,108,107
1620000US2762320,2762320,"Stacy city, Minnesota",1456,1450,1451,1444,1431,1439,1469,1470
1620000US2762446,2762446,"Staples city, Minnesota",2981,2981,2978,2960,2930,2911,2890,2885
1620000US2762500,2762500,"Starbuck city, Minnesota",1302,1302,1297,1282,1276,1267,1264,1264
1620000US2762662,2762662,"Steen city, Minnesota",180,180,180,179,177,176,176,178
1620000US2762698,2762698,"Stephen city, Minnesota",658,658,657,660,660,661,658,655
1620000US2762788,2762788,"Stewart city, Minnesota",571,571,570,565,557,555,552,550
1620000US2762806,2762806,"Stewartville city, Minnesota",5916,5914,5919,5953,5986,6050,6043,6037
1620000US2762824,2762824,"Stillwater city, Minnesota",18225,18246,18300,18392,18570,18686,18803,18924
1620000US2762896,2762896,"Stockton city, Minnesota",697,697,696,691,687,718,725,721
1620000US2763022,2763022,"Storden city, Minnesota",219,219,219,220,219,218,217,217
1620000US2763112,2763112,"Strandquist city, Minnesota",69,69,69,69,69,69,69,69
1620000US2763130,2763130,"Strathcona city, Minnesota",44,44,44,44,44,44,45,45
1620000US2763220,2763220,"Sturgeon Lake city, Minnesota",439,439,438,435,428,425,425,427
1620000US2763454,2763454,"Sunburg city, Minnesota",100,100,100,100,100,100,100,102
1620000US2763544,2763544,"Sunfish Lake city, Minnesota",521,521,522,523,524,526,536,538
1620000US2763778,2763778,"Swanville city, Minnesota",350,350,350,350,348,345,344,342
1620000US2764048,2764048,"Taconite city, Minnesota",360,649,648,648,647,648,646,642
1620000US2764156,2764156,"Tamarack city, Minnesota",94,94,94,93,92,91,90,89
1620000US2764210,2764210,"Taopi city, Minnesota",58,58,58,58,58,58,58,58
1620000US2764264,2764264,"Taunton city, Minnesota",139,139,139,139,138,137,137,137
1620000US2764318,2764318,"Taylors Falls city, Minnesota",976,976,976,973,970,970,965,1014
1620000US2764444,2764444,"Tenstrike city, Minnesota",201,203,203,206,206,207,206,205
1620000US2764570,2764570,"Thief River Falls city, Minnesota",8573,8612,8635,8682,8714,8724,8669,8752
1620000US2764948,2764948,"Tintah city, Minnesota",63,63,63,62,61,60,60,60
1620000US2765164,2765164,"Tonka Bay city, Minnesota",1475,1475,1477,1495,1510,1525,1531,1537
1620000US2765272,2765272,"Tower city, Minnesota",500,500,500,501,501,501,499,496
1620000US2765308,2765308,"Tracy city, Minnesota",2163,2165,2165,2164,2146,2125,2123,2117
1620000US2765344,2765344,"Trail city, Minnesota",46,46,46,46,46,46,46,46
1620000US2765470,2765470,"Trimont city, Minnesota",747,749,748,740,734,731,723,715
1620000US2765506,2765506,"Trommald city, Minnesota",98,98,98,98,100,100,101,101
1620000US2765542,2765542,"Trosky city, Minnesota",86,86,86,85,84,83,83,83
1620000US2765668,2765668,"Truman city, Minnesota",1115,1115,1114,1103,1094,1091,1079,1069
1620000US2765794,2765794,"Turtle River city, Minnesota",77,77,77,78,78,79,78,78
1620000US2765920,2765920,"Twin Lakes city, Minnesota",151,151,151,150,150,149,149,148
1620000US2765938,2765938,"Twin Valley city, Minnesota",821,821,820,820,795,798,795,798
1620000US2765956,2765956,"Two Harbors city, Minnesota",3745,3745,3743,3705,3697,3666,3612,3578
1620000US2766046,2766046,"Tyler city, Minnesota",1143,1143,1141,1129,1119,1120,1119,1110
1620000US2766136,2766136,"Ulen city, Minnesota",547,547,547,552,549,549,553,551
1620000US2766172,2766172,"Underwood city, Minnesota",341,341,341,340,337,338,338,336
1620000US2766334,2766334,"Upsala city, Minnesota",427,427,429,427,429,431,427,423
1620000US2766388,2766388,"Urbank city, Minnesota",54,54,54,54,54,54,54,54
1620000US2766424,2766424,"Utica city, Minnesota",291,291,291,290,288,288,288,286
1620000US2766460,2766460,"Vadnais Heights city, Minnesota",12302,12302,12334,12548,12793,13015,13169,13266
1620000US2766766,2766766,"Vergas city, Minnesota",331,331,331,330,332,337,340,345
1620000US2766802,2766802,"Vermillion city, Minnesota",419,419,419,421,421,423,424,424
1620000US2766874,2766874,"Verndale city, Minnesota",602,602,602,592,589,586,581,583
1620000US2766910,2766910,"Vernon Center city, Minnesota",332,332,332,332,334,332,331,329
1620000US2766982,2766982,"Vesta city, Minnesota",319,319,318,319,315,313,308,307
1620000US2767036,2767036,"Victoria city, Minnesota",7345,7379,7422,7622,7813,8030,8380,8676
1620000US2767090,2767090,"Viking city, Minnesota",104,104,104,105,105,105,104,104
1620000US2767144,2767144,"Villard city, Minnesota",254,254,253,251,250,249,249,250
1620000US2767216,2767216,"Vining city, Minnesota",78,78,78,78,78,78,78,78
1620000US2767288,2767288,"Virginia city, Minnesota",8712,8712,8705,8686,8666,8660,8639,8587
1620000US2767378,2767378,"Wabasha city, Minnesota",2521,2521,2520,2508,2496,2493,2477,2451
1620000US2767396,2767396,"Wabasso city, Minnesota",696,696,695,695,691,683,675,670
1620000US2767432,2767432,"Waconia city, Minnesota",10697,10697,10742,10933,11235,11496,11781,11968
1620000US2767504,2767504,"Wadena city, Minnesota",4088,4088,4089,4077,4072,4120,4097,4176
1620000US2767558,2767558,"Wahkon city, Minnesota",206,206,206,206,206,208,208,209
1620000US2767612,2767612,"Waite Park city, Minnesota",6715,7356,7351,7352,7355,7355,7483,7517
1620000US2767756,2767756,"Waldorf city, Minnesota",229,229,229,229,229,228,227,227
1620000US2767792,2767792,"Walker city, Minnesota",941,941,943,931,929,928,926,928
1620000US2767846,2767846,"Walnut Grove city, Minnesota",871,871,870,870,857,846,833,828
1620000US2767900,2767900,"Walters city, Minnesota",73,73,73,73,72,71,71,71
1620000US2767918,2767918,"Waltham city, Minnesota",151,151,151,152,152,151,151,151
1620000US2767972,2767972,"Wanamingo city, Minnesota",1086,1086,1087,1087,1088,1086,1083,1081
1620000US2768008,2768008,"Wanda city, Minnesota",84,84,84,84,83,82,81,81
1620000US2768080,2768080,"Warba city, Minnesota",181,181,181,181,182,182,182,181
1620000US2768170,2768170,"Warren city, Minnesota",1563,1563,1562,1567,1566,1560,1564,1563
1620000US2768224,2768224,"Warroad city, Minnesota",1781,1781,1775,1774,1774,1775,1798,1799
1620000US2768296,2768296,"Waseca city, Minnesota",9410,9415,9415,9401,9405,9326,9248,9241
1620000US2768548,2768548,"Watertown city, Minnesota",4205,4205,4214,4264,4243,4255,4263,4289
1620000US2768584,2768584,"Waterville city, Minnesota",1868,1868,1867,1875,1861,1855,1863,1849
1620000US2768620,2768620,"Watkins city, Minnesota",962,962,963,958,951,949,947,942
1620000US2768656,2768656,"Watson city, Minnesota",205,205,205,204,201,200,200,200
1620000US2768674,2768674,"Waubun city, Minnesota",400,400,401,405,405,401,402,397
1620000US2768764,2768764,"Waverly city, Minnesota",1357,1358,1362,1374,1381,1382,1389,1396
1620000US2768818,2768818,"Wayzata city, Minnesota",3688,3700,3705,3747,3789,4231,4450,4610
1620000US2769070,2769070,"Welcome city, Minnesota",686,686,685,684,677,674,666,659
1620000US2769106,2769106,"Wells city, Minnesota",2343,2343,2331,2334,2286,2271,2266,2247
1620000US2769142,2769142,"Wendell city, Minnesota",167,167,166,167,165,167,167,165
1620000US2769250,2769250,"Westbrook city, Minnesota",739,739,740,742,735,731,727,726
1620000US2769304,2769304,"West Concord city, Minnesota",782,782,784,783,785,783,778,774
1620000US2769628,2769628,"Westport city, Minnesota",57,57,57,56,56,56,56,56
1620000US2769700,2769700,"West St. Paul city, Minnesota",19540,19540,19551,19587,19702,19758,19789,19727
1620000US2769736,2769736,"West Union city, Minnesota",111,111,111,113,115,119,123,123
1620000US2769808,2769808,"Whalan city, Minnesota",63,63,63,63,63,62,67,67
1620000US2769844,2769844,"Wheaton city, Minnesota",1424,1424,1417,1406,1371,1366,1356,1362
1620000US2769970,2769970,"White Bear Lake city, Minnesota",23797,23781,23817,24126,24350,24608,25035,25205
1620000US2770258,2770258,"Wilder city, Minnesota",60,60,60,60,60,60,62,61
1620000US2770366,2770366,"Willernie city, Minnesota",507,491,492,492,494,493,493,496
1620000US2770402,2770402,"Williams city, Minnesota",191,191,190,189,187,185,185,185
1620000US2770420,2770420,"Willmar city, Minnesota",19610,19610,19621,19639,19701,19718,19653,19638
1620000US2770492,2770492,"Willow River city, Minnesota",415,415,414,411,404,400,400,396
1620000US2770582,2770582,"Wilmont city, Minnesota",339,339,339,343,345,346,345,345
1620000US2770708,2770708,"Wilton city, Minnesota",204,210,210,230,247,257,266,273
1620000US2770798,2770798,"Windom city, Minnesota",4646,4635,4640,4653,4614,4587,4565,4550
1620000US2770870,2770870,"Winger city, Minnesota",220,220,220,219,219,219,219,218
1620000US2770924,2770924,"Winnebago city, Minnesota",1437,1437,1431,1432,1403,1393,1390,1378
1620000US2771032,2771032,"Winona city, Minnesota",27592,27595,27564,27563,27682,27552,27338,27094
1620000US2771086,2771086,"Winsted city, Minnesota",2355,2355,2350,2336,2309,2304,2298,2296
1620000US2771122,2771122,"Winthrop city, Minnesota",1399,1403,1404,1397,1389,1380,1367,1363
1620000US2771140,2771140,"Winton city, Minnesota",172,172,172,172,172,172,172,172
1620000US2771338,2771338,"Wolf Lake city, Minnesota",57,57,57,57,57,57,57,57
1620000US2771392,2771392,"Wolverton city, Minnesota",142,142,142,142,143,141,141,138
1620000US2771428,2771428,"Woodbury city, Minnesota",61961,61965,62265,63542,64518,65666,66822,67855
1620000US2771446,2771446,"Wood Lake city, Minnesota",439,439,438,430,423,419,414,405
1620000US2771500,2771500,"Woodland city, Minnesota",437,432,433,437,441,443,452,463
1620000US2771680,2771680,"Woodstock city, Minnesota",124,124,124,123,121,120,120,120
1620000US2771734,2771734,"Worthington city, Minnesota",12764,12764,12790,12926,12990,13027,12970,13090
1620000US2771788,2771788,"Wrenshall city, Minnesota",399,399,399,399,397,396,399,407
1620000US2771824,2771824,"Wright city, Minnesota",127,127,127,127,126,126,126,126
1620000US2771950,2771950,"Wykoff city, Minnesota",444,444,443,445,442,437,433,431
1620000US2772022,2772022,"Wyoming city, Minnesota",7791,7796,7800,7764,7721,7745,7765,7813
1620000US2772184,2772184,"Zemple city, Minnesota",93,93,93,93,93,94,93,93
1620000US2772238,2772238,"Zimmerman city, Minnesota",5228,5228,5241,5247,5249,5270,5303,5350
1620000US2772310,2772310,"Zumbro Falls city, Minnesota",207,207,209,226,234,243,243,243
1620000US2772328,2772328,"Zumbrota city, Minnesota",3252,3263,3269,3281,3307,3333,3347,3365
